summonerName,puuid
백골부대 군견,IIo_xIRb6ejFr1-inm-nCHUg0FCiFhje6APaNtmGFfADBy1857Znhujt6x4w3Xt1u0RluNtcrShcIw
두루 주 빛날 희,0gzg36tHPahliAO16ZPSoY0kflWFQk9C3nXxrMJDJC1mfrarPWLYCwYh4yTzh_KzE8ur8Y5JrBAp0g
응애 용성,LtDAH1eMO-LZQaRH974D0STXcqtXWSkRd_j2ErNwTRH9OE8-jQOg5qqay9_WcPudRiX7DnfpGdf9gw
karmx,SiTBlRVVEiHew80zogJ4fYUfvNDUuhmguWpIgjGYwvOcFfbiQZjGqkyhUiVSyeZuxjZPqrSM4_Y-TQ
때 홍,0CO3NQLAuPqN8SWSulqFEDHyXL2BCROAOaLVgnzuX0fPA0oS8CIpdXht9N4_i70q2grgrqh6rz819g
sdfnjmsdf,BTqG5uCkh7wxBNp0MgehFRARh1F-_dFrAhAZMFDyVTvQhYkFTyuAZnrTHOBDu4Me-Lbu1HcI_IcS2g
불기사321,IozPEXDDMHtL-OyEMYT8rEzF3eZoG7jxnz6cvGvwSFz4u6a5Ya5qei-IYFD_D4-8WDGO_J8iSwewVw
36살나이든서포터,rCfpppdbFf-yos9xnQnPdJErQW_2kf2Da0IFR4EhPeSen7FSxIVyJzFyYuLsbLY6Ws7mcjxLejE3_Q
호이니 비질게,67C-JkKZDTd4V7wfncxrU-nOrIPrblpYR-Y-0tJDiuFU6GdlbhwQR1jophLcHmqIP5wbSGJ9uzTdlQ
와드막타내놔,JwSCbz4G24lycyVOX-74kxkca0mtVTXyBuotWGPEF2442I60P07MyBCIoRvrlvtGfy5mHBdpMy5Hcw
띵몽이,7wO-Xyv0lfStlIntlnKX6UKkETQw3HaKc9ro0HMMeZJmeWzYFUde9PVz4Ql_M8YsoUmn4r8pg7bQNA
하와와 여고생쨩,NyVN3KPcT87odtI0TzXxYuVma0PNIVu9kNV_6q9m1KGqnUxR46MjDE6AQGf-IK6G48_WbTzPM485aQ
정유쾌,0h3Rc5UipxY1cbrjSw4-9joyEnQmsTLn_VhTCVPti26-APkHskpvOm5kkN4OoJLWq1sp4DSDFZ-Dgg
와드막타치면나감,fSrBN_mdoXJk97RCmUmP2CNM7J-7gkBF6uXWX2KcXERBDPzVnvHTwVOHWU37mtl66IRR2n8YeJWEQA
탱글 탱별 햇님,VSwbQW7nlrqYpPvk3Xs2xt_ZVYcNyp_90TuvwbLk7ZwMKV9B9gWMloCNcTd_ZccBE_mxXq2tv23viw
unweIcome school,p04XMA4JQZORVRg53Ney1DjpzoDcJfoNpAjqju9RWi6IEk4xDwQM1prMLINmVhRGCSs0HmS5FWuL7Q
갱안오면여친없음,2P5gqq06apGoYxREPNShpyHicppoVpzuBfFPxDSv9KD6BzJ5_viIueeCXvyEZOYyCoJoecKBDV8KWA
서폿차이 원딜,ct8hnk-UV_gnWAs1TW8DJk4YDHTFa2T2KJ--hGqC5_IwcM0DNgHZemnkT99IFsepWIez4fH01pSopw
 bed magician,LMiJrpAp-XkM0bZmNmAWJpal3P9-QheJgKYDcbM0vNH2ESqDJKw_hZGKplCZhp5oDvX3ZeTlPF1j6A
무념 빈,Lk4RX6PWKpr71pQHE_COBtGWI07k_9spq6YW5nbpQxx3ZfEbmzASimW2FaMzBzbfVxgoBsiuww5bZg
음주운전 노홍철,QksB71Retuwp6pD9TlbfW2LqY0YNecJVWVpGVGX0S1UVTH6q3whOgY0Ahtid_iGLla-WLRdUngxp8Q
문빠따,U-l4n4uKWHhKLWOFgbOdwt1Qq6KEO8q0UsGmuldq4VMyI-E9QBKDC0tF4CvSucd4BwtmjrLSs_tLHw
난모른다알아서해,bd5QlRrz8pj2YbEuiTUgtd1unZHim4tnNICc6Gfzjno28UCS5Or5tgxgUBj6z5WlRKmXym-yuNHYhg
L  IX  7,X1NM2b2BNMAWY7ss_4gKry0mf7uN0kUGniXHJDQk-rukfwJqbsqiG1lKpvyl7zY2SxpxPs8ZjkGBZw
Xrp is not ST,1BebAWKpfkpCOe7WMy_1-fKUKM_0CMJQdaApXyazv0At3qgZlXbJ94a79vjbPZkgZE7qmECOESk6rg
chenxiouhio,7eUIOBmyr1KFr9UNWtcxEDtFwxC4meaKGRyPlToSsVePgNn15SsKunL2j3yD9C4HxIhA-W-OyxH5ig
탑챔맞습니다,q4oKdiStHenwBQQG2MkLra_knTqCNFhJFx63toBhj8aw_Lq3e71j-NGm2VSK9V95A-8ELHVOBrdMkw
잠와서실신,B2C-zwxAdxEsyJXoBW_U28imuF9JxILf420tH8zPlMphoDr_XTgDEP9-v9-Y2jN25gwP2SlirxOEeQ
믹키상범,yuSntafYMZ-Za404TcX6-NUBxTtrR-hH6HRpEVhgW6N5JTMuzwyoiEuFpGKuhSbzkH0YJFp8qCSAaQ
배터린,RaFd5NucsMTl7KMv3IwCDi5dnIV9i0bn5du_A38JLV5YGQBYEdnECnE58NlXSyA23AqY6noueYTWgw
24시 짜짜루,9Wuz_4a6F8rczuEn8-VNDvk9Mp-T_XgSVEsOT8mKRpyVG7mYXyV9DYCBarOTp7WCR91gmMMxzhN_rA
크레이지피플스,dUesGL3ECgiat7jiq1l_sw7A3emDbm6-BZFt6Z0N0LhzGyOFaL0fgJQPWDaGMTjsiD5920wbWKT_5A
Bronee,mokFanWKvOqHVKJswUOm1ZxOo7gdKPyKklWgVooDZLnpu1Xmb3egDY7yxklIaUU7nDzkS0X-ha43xg
맞기전에 때려요,KF_0T4a85P1jRWhFtxZWBSnNbGngFQ3TJtXNzTkeCY-oumnrm6OpVYRnhTob61UXqj-0OG1wgpX2RA
원딜몬,TPKSzy7HXTmZ3OVVsAPppaj76_qSPkDwRGVph-CzHA5G7FMyfnQh7GDOcKV3WUxAQ4_YnrNtpE-XQw
C M D 12,06t6S3fbiqoDV6-BrNyEPXN5gcv6d4tB5SuNssw9rOOhCcnhFv8Kd0AEFVqXor4pE4H9McMgRWpQlg
응 아잇 어 12번,DQlKWwHsicvzUypYHglO9rqFCS_FoK1-9nNrdKeBCWBig5a4QvPgGLo8qEH3oScu1wlhqP1KVftBSQ
대굴빡깰뿔라,z-bKqQt0gptEnOpPgYqqktvbh0zijP7ELjSGnklnseP7MRYvgHynF-57SFBmpNqcZZfQbZaJ462p8w
taehxx,MeMyy6uWqTHWpozyRH919Kfu2IniQCuecc-EDN_XuKMX2-gUKh_mMM4uIZHw7BdPLFbWlSj8r4Cn0Q
리갱습,K3UNWTto_A5zGic4ZRrS7w_0jXm9FgwNo4Lz_yopAO0AEG1KoPqXCnJfYlfqohtz6pQDjcFBKqy07A
오가의,Wbl1FGgH8tOdrc6301ZlTckVKnciNsXgsDygdbHrVrBFMOjK4kF38g2DeX8KMp2AbUCAqO4uU_iktA
사일블라디페티쉬,v_-TjhPKWaaKvacUmoUQrdSkckb76w_7c60FpHSju1YmKofjbYVLVfzQmnEWt0l1vsOVJLZIBnFFGw
MyHouseWaterpark,_fnf06kn2PVhLsKOy484OeJG9H5kf8x56OWJK5qa6sPBSMtlKaZ-YfKwGEkmexRyqdt-2gszEp_tuA
Smile runway,gKlUJNFFdmmkG0MAd82G5tVfktxQ16Nl3OYyimv9lK77-RcmPRIJ3AYk9NZeQAEpTbs8U-GO92PcwA
야옹야옹송아지,Oc18bxObUIn5a4IuMSy4B1OLWGCOsZ-78UCk7__eH14__4VGR0wseOlRLXZ-ZZi2BfGKd530w1P7Ww
인듕이,Segiukr7yB1oNbCvTs6FDZouF2RGRW4p4OkCnhkXXnXww9UwstFzwZ3NMgvR7n3vL2KG3f4B-JGepQ
SUNGSIKYUNGLOVE,--fH8cQi7pKSyr401KpbGnsa5QfWCKfYQmx9UOFdsyFIJvg60WzT92EZkCpLlqVgJ0STwdY-BtiY4w
다른라인맛보기,osGIF4Tz0Zax3XifIHY3AW7cyM9TwHNfd5hTXIPTJ7gWfRif9bvelHyI_jXGHL6EKXnEvy9wRdO90g
느그댕,0pXxeG1A66BWE5j1Ao5wSYa7p4okwSm1o6655fKqqo3mH2g8fvogi5yDJI6ktkdVyuzYUpQOX9aRvQ
Ace0,q59aBOMmSx8Z1FPiRS2l9kMq2cZNm7UNWBq3HhT7bxaKmHqTxXzkgy3-iExwjlztZQWZbbiAIHlNJw
피지컬인마따라해봐피이이이이지컬,cGAW4C1z-Yx3ZN3GHLEyzDvi_iuJe1F-9xgprkguykSJrP4agec9sI068GYwzyY727nKdbdIS0FaJg
나이트매어,wj5vNN6eIuv2SYM3ruuDIILLw48ed9g156tIM1XnvVTNYqnm_xw12_XrRSUIRQ-4GOjrjAdD3fGtXA
Mrjj 은뚜 ,-57gRzAhJkDisDRX9ICKErhwcKcgz_Vbr8kfAbjvuT3atQCAs_knNmi8uUHovWMVrHSWihIg3HXMhw
경운기,gjf6oY6JhEazI3l2w-Kdxv9ylQHdKKQwGkyPbpzeu5SZczJvN181QzBtYFpMvtlzprMcrxi17uYXrA
니남친오늘쩔더라,hmeA2AU3if8wiknYt6r8Licy23zBkk-WMwgwqQ3Lhl5mLVm11PG0eP6dQUmpJTKHZnNMiu7pq2L4GQ
chenzebln,gvAll-2F6FETXYksq_HfYsyv1mRaFkLAtJeotb4RbYzAPYlRgf6znS6E_AHS7f3qzHtoLkHebHs0WA
다시볼수없는,_Sn5hGtVMtVMC_D9Iajgj0szyGgJlL7ng02IyaMuoHV88u4Skg_l_UdLYOliZgJMiI_ZUiqbTuEQGA
natural join,tUxDsq3nTxP14aqI4zxelA_IYTgYaTWzLUDjqAa0Q9zdCc_Gwpftmf2O2STppdmzjdetFeI6iZhd_w
동 이,Ua7buiZozSp6IlOKJcvCelG95QPDTvJIpO1IXis9MmDb9rAC4c5pyOfet6bDwqclW3CXg2-kFtI90A
김뭉멍,WpxhtD-0kfgDXlA8U1mKXHFUNu4HD5_lKoKsLedDmP7wq1RvCfcqGRIJ-pQ-mBNRrwulBQsnOJ18Wg
석2스,VqDV575y8WnneEQCz_pRVjMcOJroTzITnl4LPiL692_zcTIfvyckMDHJGR8Med2uDCfIrSEv9yR_mw
한림예고 츄,YMjfShJBbytm4IIyHm6diGWW1ZjHCe8aNG0ydCKmH6aiNMsiQryh1qOQAQDZFU50I3u4ca86Q3gM4Q
옵빠오늘왜이렐,tWZvXOcHU1q_v9_pCLt1l4AOAQ5dDEstLSfKv7Xv8hPQlfHH-nnq_3EwjHR2PguYOXYVYBKV4vaSMw
닉변안해,6pyt0dsG0ML7cmM1l3Exh5bTcRzFkW-EM7QK2Fgtmbz448zJIMQIpN3f7C9jj3UCobPaU3A8HSnRiw
최순우2,mvBdjuQwz9jTtgcH3azjlMywfuJ9nMzagkAe-Lt-hYLvyat0E4108WklGbyDfM7pSV4ykVGzhrJ-JQ
Stellazz,AK9qNVNt4rRJnC5pxr-dJGq4tjcit2BUAX47WdwXjDA6hL7Me06O9l2bfgoOWMM2676P970V6XBing
그 총,5LRWX8yqKJKYo6vz4Y2JdgyZXFvG2ZgTSsmY0y8V52baIHnIGR5bZp59_ERB8KEDMIaFh-KkZNZlGQ
Eerry,7Z1jmjHI431MUmwIE3VXtPjEhq-kNOIKBN2tap8N7tnHYeLVR79h4hWn9zUETzr6skq54vr2aCM_pA
애기유나,YcYEFEx5L7JSLfkVcRxFzimnLf8acpA8n0oG_pvBdGqNGbkSBDPSsb1Apoj41xkUjI1z_kTZjPlnsw
화가잔뜩난정글러,1zKABF0gZwVtsYDFHNUizB7fgmiT9PDV8fKjMCRjCPimM2YAEKEN_VeGSk7P1Y282oX5An46ZFn9ZQ
Vex or Alise ,5znOz6WZF1EbeZUugm7NscUG81waHeqNQro6cZ51-dszkpBRftrk5BH_6qpvzQdeL0BddO3YnfIGvg
 Sky Castle,osl8P4Z6FbAnScuWvRo_WOszzExSpQoE6mtmchpmkXdtT-E9_cqyt2WIjJfnJUi66sTuJGX5v1UAlQ
5코3성람머스,4-rBKaMvMD5dxZEwK-PnQgeBUUDfIV7-QTbxhJCPOWNV0x1PZ8X-u1Wrn0RemUybXoW0RItABbIC8g
보이즈라이크걸즈,uxEJCujwvTtLi1EAmuqbY2Inzu8jYurTSr3dyuWPizv5UXWN2MKzK0VNjfvEoYzQ3UyXM8IiMa8AQQ
문지승,8J_Oz_05BJMHqtJBO-gzjAgL-Eh6WPa8a8LsAo-MRZknu9LZpN14beYOa4B4kF1_yB18NdZE2O1TRg
T1 Taemin,WYRD6w8xokOHhbMUTW7pT8Q6yoXsSbdoVrJALHkRhhIJE9AjscaNV3UsbSYxGh2T7UK6I9nOuqsLsw
픽 별로면 대충함,84OTIuy5zo2Uaf4BgX1lb1khdWBxv8QK0LxnnZP2E0vuG_TkRwcCW2bejhzdzvXcvnsAOq23cqXbsg
낭만닥터제동우,VAehqwgC3A1N0Opz3x4VoneDMX7Uu-k9n1A5YgadxrjZJf4S2SA0_dADUfiigzMQjk9brnMdBtLC_Q
S Blessing,IncD9HebLR0Y1UQekvOc3JaD0t0xMSIAHU56Bxe2hqhUDKCp6dSFrsT0Yhwrg3XWeszyIEiZqSDa_g
화가많이났네,Sz0pv2f91cIaCi9SEvdgDw7cw0k59B8sIi7_xZvaFCA23q2R9d5o3xa7QmFaCh5isn6upyEG2RFm1g
밈 쌤,DEOGK0ISGIqj_H8KfHCc7dPaocV4qIYQfMPRL-IvhFJVcAuCihlZMTIgYbNuf33wjZx8m2iz-jkCXA
제케르,AWA6qEwC1rihaXzLt34yaA5M_O13OMU7ASy9cCs_ShOIAodUszvhesBE1cwxjPMUbtmrAeu03SZ4GQ
앙버터난,relmCcugYlnoWcnxQ6fgUQp1dtHb0YsGlISPxiB-08FPCu86xDd4GaADUaPBy7uO5VgONuGoqrVNPw
감각과 분별 ,jKgm1_g0wYG-q9L3mQcoj_Arm9RDGBw9xBEQQaCK9-I2NnWbSoU_FHAP0W6uE5WVdnVhU8sUFlWc3g
열대우림의 황제 ,SpGSlRhplGB_FMG-XSnIbziVyCii_eOOSVeyxnEjZDHOHvsEfAgGAXM0YY3l63gc52v6H6FVg6Zbfg
HappY Game DotaX,esClaE_vQinu4sWIDBaEWDz-hBiD-hVTwGPekIgm8616Xjm-y7G6tRKkNrDbCFGiDjp_NnXSmBe2BQ
이판하고헬스가요,Po5NiRhtDfk4MJ5nJQV6OO4WOy9x358TSJ94fqymnFBD45P4EQOi2s5oYIu-CBNj4kMsGnxAKGWmxw
빵빵이와 채채,EMDAkUAIf6B_EcR8ZRUNZ0kkHLV9i53uRg3Wz-QrU-0YKIYHHyJrQFcs45aMVNzuiFC3Xy514Kom5A
서누S2,96JXvuK8irs64OxmKTsPAL22hSTOChF-XP913cyLQBj-NpYi3e6SlVk9mjxHTIdvIstHIHLHyNd5bw
윤상부,GQZlznEzJjU1N_Y0oTjkxL2GyA79W-k9yWkM1ERoE5dY2t8xaMPClWBiVkX-k3jmbcBVME0B414Vwg
크산테로 챌까지,K9t7UKHgvEpKUtP55digUxvRV70Gkft-0c50L5VVJICAKNOol-44Q4JvRSYvFNnjUvWUPL4NwM7Vvg
아오 연재시치,yyhjGltZ49VaL7Zr-kwRRNToDyndbtI_vMTGbwXPfe8xpzivDc9KlDLsICSGq68QYpc16I2ZxEKEsg
IZONE Rococo,RUMQzfw-IXzPt6tlTRMhjWhTrvzsqtwnZDP7dgJFWcDiChS96izWQuFbr_n07J9GAuyOLTr_xCqnFQ
123asda,UrtQMk0jewprfOoNRg6iguPoAUWOBig9i5K9c7wq-eNEQi98-UAHFb2R4VYt58zXI4GBC0pVF_QCgA
생각하기귀찮,mkzLdLYj-nCAxU9w-OvGlrGpXIeOeOSU9v3slLXt8GGnJCiVDJLUIKr9kdwWcEeUvsRv-y_qcXvZ4w
마염녕르뎌,kNYXJb50xqhtVGuGl1RNpJAUYihENn9_3GH7pL_IssjIoIDklqr9zgDTvrgmjyL3J3-bICguLsdCeA
천번 도전한 신,VXwIVkwCdLt1yMM6aqzgUKXvhXX78Pznon5U_rGiOGuARFSH0yyHDywlTDlj8rHofWXn2gCswSYojQ
대방어회 먹을래,sqj1nCQYjnHkEMRthsxSkmuQw3iKDI2jGNIRabb37qNF-8gxuzSBcNBzzA87fm7oEmclQ7AfChT-5Q
사우지마세여,UIyOUuPO0i2LF3vAEAnvSXSSRWrIOrL83bY25U01bc9DfLRbwmQfVkO_Nu_GMOodmeJWOjdLZJXGmQ
bburakz,Idfqhi58Qwp7rlwzA2Sy3NjK-__cSeSKAP2yY8j4xoB6Gu-1ng1lWdtCv7sXnEYZ6VR_sQuYO1BFfw
zyxl,CRVSlJoRYYtRp0cEGSNZ9dSiGZ4_rM5duOuBoaGKhMrb3uUyqOyH1Pp-YqzPh-aQ8zKABrIqrWDXew
친구찾는아기펭귄,jNieqKaoqewOK4odyI_sgS8bxdHpmOMgi5ALiPkL3JyhLHCSCX6LyYe7EstNQmYnsgpwa4TbVetYDA
Feier,Csg6CFmSLSExlxX6JqrPCX3h9tkq5YIhXbihZps61gJmlPUC-sNmF-U8i6LNAQ--UItn_YdzALG8Ow
나는시벨롬이다,5r-S0O7pK4Bm6fPUqfsWcmekKa38sFGeXbfOsMO1pRAxpmaArTRWWOw6LoNFFEdDyj8LPin2UUxWkQ
해바라기해바라기,s4ZZO84UWP6u-iatlr6lZqr0mgaEfKoYl6mk5BtQuJOF950s59CpCV2_bunePAvYFrRP0Opiv5usHA
쓸데없이큰지방이,09QzHnsUH5goSInzL8xa_1Sj0BOII067TsFGyfjiO4rl-FbGNLzXSrDFtC_qi9fkbFdX_zxnLmHFLw
이혜지꼬봉0호,Xq5LmwNaFUJrz5ix15hREWtxTnvCGqZIcML72sGa9YB6ay_OWLxcL17JrJn1272OWnNEeiKv1jxvUg
슈갤냥,OQ5FAZRqcgb1B5qMqnGuS7dxz7t5nWcKbLxL-mojKpOv5cBRK6EIgwNFG2YneIsGPREQEQoIrBmjgQ
오마이걸 유빈,b1S9PNVijI-SzAHmlTsuHsI2GzyCZIGZ3f3L3_AgoFERLpLdNO8bx9zsbZ3-zUHDg3afZ-ug2VP5-w
ptyz,lNaX1At0VukitwcCvbbtnDSoKSFODYNT_K80CIqqjBDjQHmXlyA80ctoupQGzPY-bNhqiSB8gtzx-Q
T1 Zacs,kB2ptjF6rz8k1OCR4yLpFoqJ95vWA84UPgwFi2SjkV4i1cTuHh37Lg5l7nTViBPe0GOU_O0Wkiw_1Q
Sinxxx,SbNr6dtzQvpDmTwdOGRnpFCiiiHhcM9DGRwKvR6ryWa4tAlhPFuK6QNpNbgt_cKumCQfdAJSdzdB3w
약점없음z,yI5D8gDztIoiA6qS6z9Xvt3OHj817ws-Vd0Q0AvdUsdubKsyBZ8oAJ0JN1pXCz4R_9IDzB_ASMMJUA
Murly never die,uDLl3ICh8GUKIij5oIv2DiTb-MPr6wsjFFFB68rgMXB9KDjxnV9Rrg6kSH7VfTJs6mu8JCx3cNyP0g
똥  뿌  직,cd-GxYvlaue00ifWs-B54oOyTlHdSjSmCqKjHTfHwNpgCCj0vZpD-jqIJL1K6GdQPFjiGQMDY8htHw
하나도안웃김,gwi-mV8Egvm5o76QIrDmt0YGfRtN7oGJ4FSMOztNOZzdmiJhWtTKpPMaE5zSRXg2BbBLqwxLcZYB-w
ZED만함,McwSULn6r2WAsI9DQZMDRLAaHBpGzfnFrh4IRxVF-h2wIkgICWTNU3Po_VwnWgdbqEVlrMiWDYP9Ng
내일 출근해요,H3mUeUq14TyZV-6jCMW6FkwnFrl8fgUA-CxcDD6yvAIOeOHXQHEP4BKySkML3R1pjFI31YHslt-n_w
럭스발런아,T2-8k20Tj5BHjXEQ5QNNlVol6fN0BNgmBIAq1SHAALPfZRQnZJGGpypvefyFY3-cGp9KliACpHecmg
낮잠zz,4bbrBhtF7dG01TFUGU1-h-sm9Zg1yMGkgj7_9R-Tgvn8fZDieKROWOI3e3AnvYQMduaLj5FtzdO0TQ
엄지척 감정표현,MURtgNoc5RkpGewOCBpbOq2zL8iZTf5MzickSYukE3Tw7eZS9BRoIWngMsini3hM62LH4X2kBkvv6A
예쁘고귀여운누나,360j0_wU1trr-MOYkkxcmsMZHp0PaSRFXs8eQU-Hi-RYwBgCN2EPBrNUUCeynJPbKvENekHLyyDb0A
디통령,wW_vxsmbznq4jW75rP1LIzZZa28VC82Ju5UUxQ_Zp4GPpYgji8JKYh9UM3JRmSuxKx7aI0HA9dwuCA
박주나,yEqTaoyn7GEzBia5pu8M2k1R6_TMHE9nc53P3Mt5Uszl1w8uPO9ZzpTyNoj9XtZ88opXaWWARB-upA
앱 린,MZ4iLwAq6Zy1t2xoF4IjR7IVkkJ8aX1UkNIQwtWeYSvjeUc4Q2ZGYm7jiiOtWSFivhxyuI6Qr5vJQg
톡톡씹히는오렌지,D4ynPrtVJ5N61j1FGYF6_IFKUfn92W5CPNA6ueMeV5a55-m9rUQ4MZlJhqYupBsFV2FODtbI4A7V-Q
어흥 나 호랑이,-oXXCzngU6R3ujR9qGX-brqXWe_gz3Nl4zP-2nvwq1CBWn8pCMa6jDm2VazBmON0YIIxD6VnsC9GBw
어지러운협곡생활,8uNeYTjbMx1l-OYIIFRdycc6SooMGKIywAB5ZSpLsXlvhI2DdBFbiS9kQg2m0hnpRxcSDTvy8bclRg
TES Knight fan,ZMT6Tc71W2878MhvwtPiO2IW16_hkpRy3AbEfyQmLqyluPnwwJoMQ51nAlUgHbnwiQStx1uA_fFK6Q
안양시주먹왕,gd5D7Iheyr2525oQSrtRZKrspsZ9UxYv_LdEOCR27Qr62bbjBTlsmJEGC1CtSG5lmsqR3bClZjta9w
향 흔,F2hoZtKyzW7SGwLyL0bfMqyygjCC9GR2CPpI-IdrfhEnk596DYy2O0CdiI3BWE_WDzI4Ak-n_xu1cA
가자꾸나 뽀찌야,EptHwe51kskBXqik1YPKb8vG0i5_bg5erORTlEiLVPNz6G9CpTK83rpo3YjIHZQU-etHwwZ0dsLCxA
건들면터지는원딜,ggo-pMJB6_4FzzP_3z6DCNIbLjPmxrJFeYUP9HudxNeTBrCEn_Bagbeo-9GtBSJ8Vd3WwE80AZVVNw
커피먹고쿨쿨,R0-EzksEORpSaC5OQgTn9uNaoyisQ1gSbk3c-fHe2fXAfCJEz5U97XGL04wnedYYHmzAZKJrcUiFAQ
살해현,NNOywaXsREa81sp9U5zlRSpzusDV7v9bLwTwChlvLPUk8ITy0QwgDdTAsZ_i1w9VLDcIjmLWySDFbg
특공대장 최두일,F5U2N_hFBsdnhPbJjgeoY0QdACbD9BVhJf19RiVgxFD95CoO23QDLQCUAcqQg6evCD-wn4J5h-LaIg
박대식,CvyGzNV3dXe9Mou_2h5uhziqBsdVET_JuoRJwLXh36ZHiw1K9DiQ9pQellkaj_PQYQQ8Z6B5MoNIHA
협곡 박정희,_3wcD5x7VE2Blu_nLf4h6VDMW3hSjqI0SCm-YrvRQ5nVgvTfqfPdrCsF6nbPJlnYG0iTZ6m9JNtOUg
도구 교과서,ak2w6GG6h8WahgQkqI6DE_yH-pE1jl1DB51hT-h1lclH1IfM0VKFPhjrWNNZKX4RuIzaIeluNlpfIg
오리빵덕이,5HWGA3KMeps2_j44V3fMhg1kZfL4I8YsEzKXN3NjkAropnYJLaQ_VjlLTznAdt5BkZZM_m3tZ0cUDQ
미드킹 고전파,vIvSN6tFszZzbRh8Wpvm-emieMnS4HzcnanWa98QX6Jy7wmJHfvgCL37UlIheEQ1GX1dUgPMIAnqFA
마스터 미,Rru663Vcqb_OsHacLQXnZ6e-S3Hgdaql0-3oL0lyUtoK50EP_tBQyO0IRDsAKKnXbSEh-mmwlkBG1A
01094583997,ckjb7xHwvRWtqDpDxKcx9OjdzZGSCHh7eH5JdG1k0j2xLH4PdKZPBFwUkpj60TPUN1UdPpA6gqssmQ
국내제품,z4O8FX-QhBEYhU-us-j_GMZsSVa4Ltnr7w7qd9daVzk5TxY9vlnMaO4ef_CAj6Y90ZLLZFSAkwHEYA
생 매,Zt1QV9ImH5OQA_qgR8Frg4mtUQV5ir6TFTq1mv4gZPRK0OggDe2_z6kwkPUl7LYExsTobCttX9tggw
Siape,rn2LsnT1HbnGOA9A0BEBipo5wnML4WQAQABPfCpD0gRHFeuYO-FbYXnZxpw-RE8obOtMMqR6SnNxGA
초강력만두흡입기,_Q0JBhNcN_yhGcMdOFuLuhhD0n6jul5EbKvlvtRbV-eDBl2uLzzbvGLDQTOy6H6naqdX43uvu_pjvQ
닿을 때 까지,m5tvYWRtrEzoBLT7cez_0KoP-DqIuO_2JqJ6DZ6x8VNIHsNNI6SH_BmhZ1LcqXnraOCWlEro2L6Kyg
1111112222,RFSrcUVftY_8lOsFSsGca46Z5ktI27iuoNlRUmg4OhtA5u90aM0qDmkhLJiS3QlW_xMcGH2YSSdWLw
동희킴,7rI7jC7oAn_2wyzuRH24Vwh9pAnE65O11CcLEJWuethI95Y5At4E24HwHjQhUwYGl1moxd9V8YeI9w
로만준,pwqJULaWWQHFX80dFrBI5_91rjimH4APOtwxFwueGAA4ntl4z7vjR8T8POOobhHu5zpoI9a9JqNXNQ
실력의25프로만씀,FsyQuF2vWMw61_kpIgXkTjh7qdxVBtSdJ3UXIAok8TCtZpPfpYeyLP6JMVtzbqXuPEsl9sIJjV3SvA
채팅 안 읽어요,WzZJZZvcrM1RG0u7jK9-DhBrADjh4upomJhVFUO3sdfcy4sjuP3hh3Eh2fS8OWTqm5vimWeqUgydPA
자치방,NQj-acTt5vOOiWmApVNuw1EhZttrUT_qn76VSl53SSVTdKY6AkNUD7lEE-wSnfKYd0qKRu4d_ns82Q
성민치,bPYw0uFXtLaWPu7vxPWxfaHGLyKLU63edG65CwmG2JOBUqcrVmQH3H8Yed93ZUNxKhzIr0G8H6BiPQ
zhangle,WfJqV7-uPZvZBM54tIv-n8_DrXmtVn2g84V0j1GA8YWmt9nhhUkG5mtRbeFg6H3ZnVIzA5-M4qrtnA
코르키짱,GhAiIw-ReEQbZPg8-DA9SvWjQFBYjv7T2Lma0EObFOXo_YiemGyR6xod4iuG700XT-e01vo7dWbSBA
저는정말억울해요,zVqI2eydKtwdYk0CX5kdgbmgOowZbLxIt7KzkEA7OQ-a7-S6-8J4CDB16xMpdl7QGpea_MN0PLtkzw
동글동글레몬,_PQMD5TuU4EZHcppTENyTLdv_iQLr4TrS40oUlP6FAv_OBGOwdrfaO6jrm9qROENW0rNqSJXR8SCvQ
반 감,eGAajT2p-WO2AEnD_vrUQtkpV-VquuFULpSu66VSEKttdnFx8Y7ruEjomJRo2E5rxZ45khX905DxKA
죽으면서하는사람,Euf0RER04e-OnEcRLRJAXE1ch6uqCaRY4g9CSCqRY893xIuk94goBC4F9Tt35Kn7Q5S-Zt5ioP-Srw
all liner jjy,58RoI3XnM2vES7iKyW9kLlLG891Z5hivFOQhkkA8lNcvgHXAOf2llHJk7PSk94_H8jT8uui8NCn3rg
베이드,zmeyeuragKXBG4rZag0DYAsJe179ZMiuZFg86Kba4mW0Qw5-1ZZUcZsvx3w2bbf8Gx6UhYio-0eyoA
엄브로,rxo7PcsGAZ8GnNw6GrSArQ_Sy9PPUDSCDfr7TjRG4ftzFcc4dvR9a49w7F2swAcvSUo_KLJSJyjcuA
cydjms02,_749pWvSCAuvdLH4EaAm5OmiUsIHcWyKn1M077bKGLJ-hBYuhI3D3bPUqqa3xc03BznJfSe7RGEvjQ
애 아님 개,PwmZnW6KLVd7zkydOLXZmSgLBi0bFYN3E147LNGyHmONiSe9Wc53h1YeElKdlZmSTeHPjQxaRyl3IA
귤까서너줄겡,9U6EI18O8_aRO4sfjgf_cmvBsEO3DVGGDLJkyFyZ2K9OCUVOvn1JxE8eMyOJUvDi3HG_vi3rU-c5Gg
201616029,s-wq5_NsU-lRaA0bfo945_g5zDmp11v7IOTL9n17zaqc2RxRX9-Tft1diB1KoaPWC20-QwNABwSJ8A
anxx,VBLe3ieS148n7_Pl8yZ1_8iXgMLDIs9rdFyPsCyOtvjL8_88avLZcPhqO6dYSJlqo7bTikw375376A
wang shl ru yan,vlcisj_RUjKqFc3t00WoxSCmYphaKmE6h7xK7u7AvI0AG6OeLLVUGEapyDNG14upIhP2hV0s5wM9oA
Hunana,bepzbbd0b98SCOr1Kp23ZZmn8IehXK6itENYRccOS1ECyKgn61JJFYJKxpQa1ocd6Khl95C15Ltg1A
스카너를슥하노,ozeCUpFff3kmvi5oZaaeRFEbNnQvIUv-iwRL7QlsWxheOlPPiznmEjT6wfe_3fK-yfw93-CwIQkexw
용 뇽,zYHJGNU3-LRVnL2dmKWjgOoIjqfxl-GwbPcqyphf-nO8lCCHhvNQkDtAIHfkLCxJOjtZuVRJPHNz-A
Ad una Stella,mahLpS73h9--dO7KwCy5n-jQheWoYx-yZRT1fE2ymsV43GzfAt9eQQnwNCcfWuEfNr_TqV0CyjHvqw
요더비 없당,jWwf4MyxFR93YdNC04ccxqGRBsdkKkcijmg_pM9DXh8cc8a0TXwRH_MHZnh2WG8jK7QpTfoTDRcm9A
뱍지서,Rd1W3t-ac0ypEyORWqsmTYrxnYPWl_JIxSgN6qOdvzXUReM-slcxGkJL9voePupGkpSCqkbfIW4-bg
열심히할래요1,ybICPq9Wql9qNg_Xzi9SO6uCe8oD17lNGiLvuzx9XS6ODyXoQ7my2t6gQmWx8It5TPmMZDGTVXKWXQ
TEMPTNINE,BBVMKX13v4MbUJwFfISNoYkn5qsVrHYEeor812okLzuVFDCKq0aO1cTTe3gSp2z5Dmiip25PASGT8w
이병준,c3LKoNICzMHW-oYcWuMJHbA14k3kemKeR7QsEeNZEJOZVQH7ZqqZruIE9cVIhaVxN_vfnr0gsoCDRA
꽃이당,9BxJxPmsmXlAQVzcoo-PThQ89GcDPs8sQR5WYSABDQN7I94Ar_Cve2MLT5jgGiYlLhAW1gUbZFSE4g
새벽과 반딧불이,ETzME2YWdEArvFUiWN8_jzbC_Bj97fMuKxRFijMdVZDBscB7OSj-xX_83osZJ0SsZB5rgHM34Z8p3Q
박민재 굉장하다,EIDzD-GMA78aF0v6_Iko9p6RnALpjVrD8UBOrtNZWsborBw7COd8iZCZkcN6x7hZg2kX2P7mxz85Gg
고양이이보리,zr6YSZXwsEren2KF6yewpf9tOdhGi2EKyaVgc7s8Q6aI88yn10BNAA1tJ_ehP4QpZ8pzq4umzeYCNw
용용죽겟찌이,K9qM_a8Jv7ll1w5IQZI8ijJT8qmpDMhH8Pog8LWUiuMQqa994t8YMYo-YpCI3YHDZLAf56OAcjhkpQ
Niilo,W_e3L7xpo9HMUFhsun4I23jzvpC5C1IB3G_psn4pC-Jxc463_xvbMeewP5cfJq5SpCML7d-cv6BCVA
Sxx Choi,44j93a8JBiQu2ASBn-fanYo5FfdZfiLc8jlB47mPpVN7gxcLKLRDPc9tYp2f4HCPiwbcH57FEWuq9g
용찬 소,qjcFbxugLWtCkNpS8hay0woGfgHUup80CBy6HoC9QDqedgvMLjbfQZPU0Yr0SGQxoMGnTV9NbZGk8Q
엘린히어로,awU7ShDI0PGNUszUFMgH9tGA_71Ijro7o-OmLR_GmVvfxCXQeOs1cWy3CKziQwsEp128nq2WwkTSJQ
마스터못가면롤삭,wcjT7n57A5LnogjvgmL0lEj59XBEjdl1lKKH3WrkLMvDeOFpJ2XxywcM_RBFo9PdfL7VATHH9r9ptA
이 진 썩,3oTBqpVou6ugB7ds3E_7zipP3FnlqZXSMwKOuJB4cP0QVSmD7dcIixqQx0hdWfP7DIG1y75wzTU_Bw
악어새 레네기,AiBK_-dD8HRVgK-1DCBHxXB4JFBvT44XIbRbMrHbHMq9qbh98Jyul2V-WuINixGE0Lp1UsMXDPdAQg
준형2,QLHfbeYX_ebOVS8IpJy2TrNpVnlcNoClncjbz48dl1B0xCkKzeJgV36ekpM7wqjvrrHPg3F90wwqEw
작은 힘,6ixumcKUL4vGamIQTm0xZ8OWwhgqh3Bd4PZN-6qVMvG436NK_3NMIMkcgh7Ph1maxP2NwIlushvlWg
xihao neng,d9CZXRgLH5CcsGVZ2HNtZne9qX8UpAcpWh09MitN-u1Lva8cXsZFOT2ZtSkuezgQ5CBkk2EmFkCFuQ
황혼의 시,U-Usc8fL0zJPTzJqGQoPbJv1NOLG9szskDdRyqrojMGNgeGHSbB9VCqO0NT5uRODL-q-OHppPHJVYQ
풍산동 최양락,9SHwOMCTSx7tjESnTIMOHJp_M_vOo-770Q3IgIDGYUQwxGQhdt_PnpbYTCE-ZChY7FUaM17bj2TQ4g
망냥냥 챠니,N3PL4PnBq9wzYFS05_XAl_T6u5seRxLoZEyaTOhHF82jLKL6NsuOaFby3B8w7LQ5FoLQR7MExkImDw
애기정재,Z9kvQsv-97Tsb-CYnAy4paMMv4rxJsV37YeM6kOgBs0Xt-wdqR2wtpEHGYSfcuyvNXFD3OesY_Z7pg
나 이동혁 퇴장,_mNvFMFWVKeh13YRBUuYDMb9k1vAaG4_WN8feF31gdzhkyYwqDZa8kMMwjM1RZzzRyGloXGkvkp8_A
레오나로서폿감,ba-3H817Ye12VeerUxR5JfIQ-_hhJqNDy-3cam_z3PaekKLHYsPma6BaDGBR5vuRBqXzb4N8pnO_Lw
폐관수련다시시작,lT-58k51mtsMuiUcQGgXxKZ8IMLM6JbQ0k6BEXT_ic4ypWGq3s9zQ5Yg2foXl1tAQbikBBZIW0WxIA
기억을되찾은놈,JuY3EDIMqXPbxrmTuFVR4iueqaBtVsGfUnAn1jH7nqjYfD6e0iUTZ6GXXhMS1Jy0amzazOeSoegjWg
히히 못가zz,0XODymn4I3abby1bt-2olF4sqfhgvCTjXdA8rAAE9KdixRM17dLKUh8mU404v3xkBVlIlyBjwZvQGw
나 이동혁 퇴장,_mNvFMFWVKeh13YRBUuYDMb9k1vAaG4_WN8feF31gdzhkyYwqDZa8kMMwjM1RZzzRyGloXGkvkp8_A
레오나로서폿감,ba-3H817Ye12VeerUxR5JfIQ-_hhJqNDy-3cam_z3PaekKLHYsPma6BaDGBR5vuRBqXzb4N8pnO_Lw
폐관수련다시시작,lT-58k51mtsMuiUcQGgXxKZ8IMLM6JbQ0k6BEXT_ic4ypWGq3s9zQ5Yg2foXl1tAQbikBBZIW0WxIA
기억을되찾은놈,JuY3EDIMqXPbxrmTuFVR4iueqaBtVsGfUnAn1jH7nqjYfD6e0iUTZ6GXXhMS1Jy0amzazOeSoegjWg
히히 못가zz,0XODymn4I3abby1bt-2olF4sqfhgvCTjXdA8rAAE9KdixRM17dLKUh8mU404v3xkBVlIlyBjwZvQGw
덕배홀란드,qs0ifA_aD4PdzZ4d-4-Otv3PwMBONna0gA_rFp9s10QklsqoGQuYlNZ0NI_BcE_pTsEQ0Az8nJQOUw
임선비 z,u8MgFYltQLllAumkTyszEr3NyPK849q2VId3z4UkPe2u6P7cmt5pJnBg19lJKbYVDvebZeK8cnTFzA
wo yishi dao,3LUGODpI2TjhGaqHSHPtVvjaiGMBXEyNPk9GdZkDJfkUjwNrXpVFWCfKmOAqvcNWFda8mZjxR-LeiA
짱루떡,9nDocZATbvo2s60wRGNliRZ7Noycweil16-QUlnux5v2_IiUq3PrdTunvFJ-xJvGKY92rQUz2H1d3Q
고추참치맨,0U7JFCmGo_ona8RZU4YbX1z5VUcf1AU__FAVUVIMvyeJosloifW6NLDbwT7AGVTGbPhTXIvFSdlKmQ
